f_RF	amplitude
3000000000.0	0.0277356655
3500000000.0	0.03939985
4000000000.0	0.068383893
4500000000.0	0.10215668
5000000000.0	0.0491616375
5500000000.0	0.028767564
6000000000.0	0.017708098999999998
6500000000.0	0.0141012685
7000000000.0	0.01028511
