f_RF	amplitude
3000000000.0	0.0013344800000000268
3500000000.0	0.0009092299999999831
4000000000.0	0.0012250300000000158
4500000000.0	0.0026850199999999824
5000000000.0	0.0019045500000000049
5500000000.0	0.0010637849999999838
6000000000.0	0.0006098300000000334
6500000000.0	0.00046675000000001576
7000000000.0	0.0003314999999999846
