f_RF	amplitude
3000000000.0	0.002372625000000017
3500000000.0	0.0019967499999999916
4000000000.0	0.0027527999999999997
4500000000.0	0.005815824999999997
5000000000.0	0.004372199999999993
5500000000.0	0.0020166999999999824
6000000000.0	0.0014097049999999833
6500000000.0	0.0009163199999999705
7000000000.0	0.0007957000000000103
