f_RF	amplitude
3000000000.0	0.029524095
3500000000.0	0.035707874999999986
4000000000.0	0.05705711000000001
4500000000.0	0.10458674699999998
5000000000.0	0.04857724500000002
5500000000.0	0.027887375000000006
6000000000.0	0.017193144999999993
6500000000.0	0.01438014
7000000000.0	0.009940069999999995
