f_RF	amplitude
3000000000.0	0.003635345000000012
3500000000.0	0.0035897500000000027
4000000000.0	0.004761634999999986
4500000000.0	0.010450765000000029
5000000000.0	0.00686264999999997
5500000000.0	0.0039455999999999936
6000000000.0	0.002225699999999997
6500000000.0	0.0016908350000000016
7000000000.0	0.001192549999999959
