f_RF	amplitude
3000000000.0	0.0052465749999999756
3500000000.0	0.005342424999999984
4000000000.0	0.007640400000000047
4500000000.0	0.01602488000000002
5000000000.0	0.011328600000000022
5500000000.0	0.005240350000000005
6000000000.0	0.0036450999999999567
6500000000.0	0.002377450000000003
7000000000.0	0.002008449999999995
