f_RF	amplitude
3000000000.0	0.007163799999999998
3500000000.0	0.0076721200000000045
4000000000.0	0.010938200000000009
4500000000.0	0.023160100000000017
5000000000.0	0.013786330000000013
5500000000.0	0.008296200000000031
6000000000.0	0.004672499999999968
6500000000.0	0.003591800000000034
7000000000.0	0.0025108850000000182
