f_RF	amplitude
3000000000.0	0.009238699999999989
3500000000.0	0.010026099999999982
4000000000.0	0.015108650000000001
4500000000.0	0.03113093
5000000000.0	0.02034625499999998
5500000000.0	0.009383300000000039
6000000000.0	0.006751750000000001
6500000000.0	0.004355019999999987
7000000000.0	0.0035869649999999975
