f_RF	amplitude
3000000000.0	0.011452765000000031
3500000000.0	0.013236104999999998
4000000000.0	0.019523685000000013
4500000000.0	0.040320579999999995
5000000000.0	0.02218761500000005
5500000000.0	0.013592900000000019
6000000000.0	0.007609984999999986
6500000000.0	0.0059324500000000335
7000000000.0	0.004136515000000007
