f_RF	amplitude
3000000000.0	0.013800050000000008
3500000000.0	0.015813634999999993
4000000000.0	0.025042099999999956
4500000000.0	0.049927889999999975
5000000000.0	0.029909229999999953
5500000000.0	0.013943034999999993
6000000000.0	0.010259095000000051
6500000000.0	0.0065764500000000115
7000000000.0	0.005488500000000007
