f_RF	amplitude
3000000000.0	0.01605110000000004
3500000000.0	0.01963218
4000000000.0	0.03053425000000004
4500000000.0	0.05990145000000002
5000000000.0	0.030969100000000027
5500000000.0	0.018750800000000012
6000000000.0	0.010591699999999982
6500000000.0	0.00851846500000003
7000000000.0	0.005873269999999986
