f_RF	amplitude
3000000000.0	0.018276724999999994
3500000000.0	0.022279800000000016
4000000000.0	0.036615799999999976
4500000000.0	0.06997661999999999
5000000000.0	0.0375993
5500000000.0	0.01856353999999999
6000000000.0	0.01365863500000003
6500000000.0	0.008816600000000008
7000000000.0	0.007370799999999955
