f_RF	amplitude
3000000000.0	0.020638330000000038
3500000000.0	0.026911050000000047
4000000000.0	0.041993575000000005
4500000000.0	0.07898076500000001
5000000000.0	0.03856992499999998
5500000000.0	0.022787679999999977
6000000000.0	0.013406010000000024
6500000000.0	0.01091394999999995
7000000000.0	0.00753539999999997
