f_RF	amplitude
3000000000.0	0.02318034999999999
3500000000.0	0.029162450000000006
4000000000.0	0.04714571000000001
4500000000.0	0.08733456499999998
5000000000.0	0.04196478500000003
5500000000.0	0.022338269999999993
6000000000.0	0.016689385
6500000000.0	0.010745625000000009
7000000000.0	0.009207025000000008
