f_RF	amplitude
3000000000.0	0.02755339500000001
3500000000.0	0.033745974999999984
4000000000.0	0.054385825
4500000000.0	0.10050707999999998
5000000000.0	0.04642702500000001
5500000000.0	0.025367869999999987
6000000000.0	0.019141569999999997
6500000000.0	0.012158749999999996
7000000000.0	0.010669275000000006
