f_RF	amplitude
3000000000.0	0.025180500000000022
3500000000.0	0.033552585000000024
4000000000.0	0.051930964999999996
4500000000.0	0.0935694
5000000000.0	0.04438655
5500000000.0	0.025587979999999982
6000000000.0	0.015687024999999993
6500000000.0	0.012774220000000003
7000000000.0	0.00893608500000001
