f_RF	amplitude
3000000000.0	0.02751442999999998
3500000000.0	0.03376647500000002
4000000000.0	0.05438448000000001
4500000000.0	0.10050543
5000000000.0	0.046472910000000006
5500000000.0	0.02537494500000001
6000000000.0	0.019148394999999985
6500000000.0	0.012158950000000002
7000000000.0	0.01066621000000001
