f_RF	amplitude
3000000000.0	0.029141105
3500000000.0	0.035676605000000014
4000000000.0	0.05701622499999999
4500000000.0	0.104581822
5000000000.0	0.04854217500000001
5500000000.0	0.027887339999999997
6000000000.0	0.017191429999999994
6500000000.0	0.014383825000000003
7000000000.0	0.009939630000000005
