f_RF	amplitude
3000000000.0	0.030131417499999993
3500000000.0	0.039468445
4000000000.0	0.05955027499999999
4500000000.0	0.10417146399999999
5000000000.0	0.04736774
5500000000.0	0.026575469999999997
6000000000.0	0.020286015000000004
6500000000.0	0.012936990000000002
7000000000.0	0.011257725000000003
