f_RF	amplitude
3000000000.0	0.0289928248
3500000000.0	0.039390347
4000000000.0	0.06862103950000001
4500000000.0	0.10179933499999999
5000000000.0	0.0492043415
5500000000.0	0.0278279125
6000000000.0	0.01774645185
6500000000.0	0.014091537775
7000000000.0	0.0103815857
