f_RF	amplitude
3000000000.0	0.0312421825
3500000000.0	0.04141456650000001
4000000000.0	0.06132701
4500000000.0	0.1042557405
5000000000.0	0.047326795
5500000000.0	0.02660009
6000000000.0	0.020272200000000004
6500000000.0	0.01293751
7000000000.0	0.011256815000000003
