f_RF	amplitude
3000000000.0	0.02893388000000001
3500000000.0	0.035728750000000004
4000000000.0	0.057049230000000006
4500000000.0	0.10482396499999999
5000000000.0	0.04853700000000001
5500000000.0	0.027924409999999997
6000000000.0	0.01719068
6500000000.0	0.014370135000000006
7000000000.0	0.009939690000000001
