f_RF	amplitude
3000000000.0	0.02762108000000002
3500000000.0	0.033775059999999996
4000000000.0	0.05438451
4500000000.0	0.10051337
5000000000.0	0.04647504000000002
5500000000.0	0.02537004000000001
6000000000.0	0.019160450000000023
6500000000.0	0.012160299999999985
7000000000.0	0.010668154999999985
