f_RF	amplitude
3000000000.0	0.02519937
3500000000.0	0.03353257500000001
4000000000.0	0.05193225000000001
4500000000.0	0.09359203499999999
5000000000.0	0.04438385
5500000000.0	0.025590499999999988
6000000000.0	0.01568694000000001
6500000000.0	0.01276250499999998
7000000000.0	0.00893564500000002
