f_RF	amplitude
3000000000.0	0.023226549999999985
3500000000.0	0.029167935000000006
4000000000.0	0.04714734500000001
4500000000.0	0.08731897000000002
5000000000.0	0.042023109999999975
5500000000.0	0.02233441
6000000000.0	0.016679525
6500000000.0	0.010745969999999994
7000000000.0	0.009205459999999999
