f_RF	amplitude
3000000000.0	0.025708625000000013
3500000000.0	0.033551365
4000000000.0	0.051935760000000025
4500000000.0	0.09356513
5000000000.0	0.044385275
5500000000.0	0.02593303999999999
6000000000.0	0.015686810000000023
6500000000.0	0.01277426000000001
7000000000.0	0.00893629999999998
