f_RF	amplitude
3000000000.0	0.02069335
3500000000.0	0.026863634999999997
4000000000.0	0.041995459999999984
4500000000.0	0.07893322499999997
5000000000.0	0.03856609999999999
5500000000.0	0.022800480000000012
6000000000.0	0.013405399999999956
6500000000.0	0.010924585000000042
7000000000.0	0.0075345200000000445
