f_RF	amplitude
3000000000.0	0.018299549999999998
3500000000.0	0.02228849999999999
4000000000.0	0.03660429999999998
4500000000.0	0.06998458000000002
5000000000.0	0.0376552
5500000000.0	0.01856162
6000000000.0	0.013666225000000032
6500000000.0	0.0088163
7000000000.0	0.007373770000000002
