f_RF	amplitude
3000000000.0	0.016064520000000027
3500000000.0	0.019581599999999977
4000000000.0	0.03053675
4500000000.0	0.059905025
5000000000.0	0.030972484999999994
5500000000.0	0.01875254999999998
6000000000.0	0.010590225000000009
6500000000.0	0.008519715000000039
7000000000.0	0.0058734400000000075
