f_RF	amplitude
3000000000.0	0.013797279999999967
3500000000.0	0.01582328000000005
4000000000.0	0.02503986500000005
4500000000.0	0.04991960000000001
5000000000.0	0.029977569999999953
5500000000.0	0.01394455
6000000000.0	0.010247320000000004
6500000000.0	0.006575599999999959
7000000000.0	0.005486020000000036
