f_RF	amplitude
3000000000.0	0.011444575000000012
3500000000.0	0.013200765000000003
4000000000.0	0.01952246000000002
4500000000.0	0.040308200000000016
5000000000.0	0.02219399999999999
5500000000.0	0.013593399999999978
6000000000.0	0.007608050000000033
6500000000.0	0.005934875000000006
7000000000.0	0.004137050000000031
