f_RF	amplitude
3000000000.0	0.009217570000000008
3500000000.0	0.010034525000000016
4000000000.0	0.015106969999999997
4500000000.0	0.03112680000000001
5000000000.0	0.020401179999999963
5500000000.0	0.009381434999999994
6000000000.0	0.006755849999999952
6500000000.0	0.004354349999999951
7000000000.0	0.003588129999999967
