f_RF	amplitude
3000000000.0	0.007131094999999976
3500000000.0	0.007655000000000023
4000000000.0	0.010937529999999973
4500000000.0	0.023162424999999986
5000000000.0	0.01379131499999997
5500000000.0	0.008291064999999986
6000000000.0	0.004669929999999989
6500000000.0	0.0035904949999999713
7000000000.0	0.002510844999999984
