f_RF	amplitude
3000000000.0	0.005209429999999959
3500000000.0	0.00534352499999996
4000000000.0	0.00763999999999998
4500000000.0	0.016023629999999955
5000000000.0	0.011367020000000005
5500000000.0	0.005240420000000023
6000000000.0	0.003645659999999995
6500000000.0	0.002377064999999956
7000000000.0	0.0020044450000000213
