f_RF	amplitude
3000000000.0	0.0036015300000000194
3500000000.0	0.003589730000000013
4000000000.0	0.0047616000000000325
4500000000.0	0.01045185000000004
5000000000.0	0.006878200000000001
5500000000.0	0.003944029999999987
6000000000.0	0.0022244000000000153
6500000000.0	0.0016931500000000321
7000000000.0	0.001192679999999946
