f_RF	amplitude
3000000000.0	0.0023425999999999725
3500000000.0	0.0019974099999999773
4000000000.0	0.0027521999999999824
4500000000.0	0.005815249999999994
5000000000.0	0.004386094999999979
5500000000.0	0.002016249999999997
6000000000.0	0.0014103149999999953
6500000000.0	0.0009161249999999899
7000000000.0	0.0007960999999999663
