f_RF	amplitude
3000000000.0	0.02348359
3500000000.0	0.02918582
4000000000.0	0.04714727499999999
4500000000.0	0.08717704999999998
5000000000.0	0.041963575
5500000000.0	0.02233497499999998
6000000000.0	0.016685884999999984
6500000000.0	0.010745795000000002
7000000000.0	0.009208235000000009
