f_RF	amplitude
3000000000.0	0.00131154
3500000000.0	0.000909099999999996
4000000000.0	0.0012249650000000223
4500000000.0	0.0026848650000000363
5000000000.0	0.0019095550000000072
5500000000.0	0.0010625000000000218
6000000000.0	0.0006098449999999977
6500000000.0	0.00046711999999998755
7000000000.0	0.0003315849999999676
