f_RF	amplitude
3000000000.0	0.0005545650000000069
3500000000.0	0.0002346999999999766
4000000000.0	0.00034687500000002425
4500000000.0	0.00070133
5000000000.0	0.0005387749999999913
5500000000.0	0.00027394499999999766
6000000000.0	0.00019852500000000495
6500000000.0	0.00013534999999997854
7000000000.0	0.00011628000000002414
