f_RF	amplitude
3000000000.0	5.5850000000023936e-05
3500000000.0	5.28000000000195e-05
4000000000.0	4.747999999998864e-05
4500000000.0	5.482000000001097e-05
5000000000.0	5.996499999999516e-05
5500000000.0	6.67499999999488e-05
6000000000.0	4.684999999998718e-05
6500000000.0	3.45350000000022e-05
7000000000.0	2.8844999999999565e-05
