f_RF	amplitude
3000000000.0	0.0007232799999999928
3500000000.0	0.00034554999999997227
4000000000.0	0.0003469999999999862
4500000000.0	0.0007013499999999895
5000000000.0	0.0005387749999999913
5500000000.0	0.00027394499999999766
6000000000.0	0.00019852500000000495
6500000000.0	0.0001353649999999984
7000000000.0	0.00011633000000005334
