f_RF	amplitude
3000000000.0	0.0010845800000000017
3500000000.0	0.0009081699999999859
4000000000.0	0.0012248499999999996
4500000000.0	0.002684965000000039
5000000000.0	0.0019097299999999984
5500000000.0	0.0010625249999999808
6000000000.0	0.0006097800000000042
6500000000.0	0.00046711999999998755
7000000000.0	0.0003315849999999676
