f_RF	amplitude
3000000000.0	0.0019884849999999843
3500000000.0	0.0019951699999999906
4000000000.0	0.0027521999999999824
4500000000.0	0.005815214999999985
5000000000.0	0.004386114999999968
5500000000.0	0.0020162699999999867
6000000000.0	0.0014102650000000216
6500000000.0	0.0009161299999999595
7000000000.0	0.0007961999999999692
