f_RF	amplitude
3000000000.0	0.003202705000000028
3500000000.0	0.003589380000000031
4000000000.0	0.004761650000000006
4500000000.0	0.010451800000000011
5000000000.0	0.006878150000000027
5500000000.0	0.003944079999999961
6000000000.0	0.0022243800000000258
6500000000.0	0.001693100000000003
7000000000.0	0.0011927499999999647
