f_RF	amplitude
3000000000.0	0.0046354300000000515
3500000000.0	0.00533773500000001
4000000000.0	0.007639934999999987
4500000000.0	0.016023600000000027
5000000000.0	0.011367175000000007
5500000000.0	0.005240369999999994
6000000000.0	0.0036453499999999917
6500000000.0	0.002376964999999953
7000000000.0	0.0020042949999999893
