f_RF	amplitude
3000000000.0	0.0063493749999999904
3500000000.0	0.007658915000000044
4000000000.0	0.010937599999999992
4500000000.0	0.023162099999999963
5000000000.0	0.013791899999999968
5500000000.0	0.008291035000000002
6000000000.0	0.004669970000000023
6500000000.0	0.0035907500000000314
7000000000.0	0.0025108699999999984
