f_RF	amplitude
3000000000.0	0.008275680000000007
3500000000.0	0.010035950000000016
4000000000.0	0.015107400000000049
4500000000.0	0.031127075000000004
5000000000.0	0.020399400000000012
5500000000.0	0.009381469999999947
6000000000.0	0.0067561149999999515
6500000000.0	0.004354429999999965
7000000000.0	0.003588250000000015
