f_RF	amplitude
3000000000.0	0.02107714999999999
3500000000.0	0.02689837500000003
4000000000.0	0.041996370000000005
4500000000.0	0.07879689000000001
5000000000.0	0.038569775
5500000000.0	0.022786344999999986
6000000000.0	0.013406000000000029
6500000000.0	0.010901099999999997
7000000000.0	0.007535449999999999
