f_RF	amplitude
3000000000.0	0.010594700000000012
3500000000.0	0.013191919999999968
4000000000.0	0.019522949999999983
4500000000.0	0.04030798499999999
5000000000.0	0.02218774000000001
5500000000.0	0.013593644999999988
6000000000.0	0.007607984999999984
6500000000.0	0.0059348250000000324
7000000000.0	0.004136874999999984
