f_RF	amplitude
3000000000.0	0.013185630000000004
3500000000.0	0.015836119999999954
4000000000.0	0.025040149999999983
4500000000.0	0.04992194999999999
5000000000.0	0.02997885
5500000000.0	0.013944564999999964
6000000000.0	0.010247649999999997
6500000000.0	0.006575720000000007
7000000000.0	0.005485970000000007
