f_RF	amplitude
3000000000.0	0.01580007
3500000000.0	0.01955631000000002
4000000000.0	0.030536930000000018
4500000000.0	0.05989852499999998
5000000000.0	0.03097015000000003
5500000000.0	0.018752999999999964
6000000000.0	0.010590050000000018
6500000000.0	0.008519849999999995
7000000000.0	0.005873369999999989
