f_RF	amplitude
3000000000.0	0.01839351499999997
3500000000.0	0.022330519999999965
4000000000.0	0.03660707499999999
4500000000.0	0.06998438000000001
5000000000.0	0.03765455000000001
5500000000.0	0.018561750000000043
6000000000.0	0.013666365000000014
6500000000.0	0.0088163
7000000000.0	0.007373720000000028
