f_RF	amplitude
3000000000.0	0.02101947999999998
3500000000.0	0.02684629999999999
4000000000.0	0.04199133500000002
4500000000.0	0.07893490999999997
5000000000.0	0.038566215000000015
5500000000.0	0.022801580000000043
6000000000.0	0.013405449999999985
6500000000.0	0.010924030000000029
7000000000.0	0.00753446499999999
