f_RF	amplitude
3000000000.0	0.023414400000000002
3500000000.0	0.029195550000000015
4000000000.0	0.04714412500000001
4500000000.0	0.08732021999999998
5000000000.0	0.04202571500000002
5500000000.0	0.022336255
6000000000.0	0.01668306
6500000000.0	0.010745834999999981
7000000000.0	0.009204624999999994
