f_RF	amplitude
3000000000.0	0.02569601499999999
3500000000.0	0.033529649999999994
4000000000.0	0.05193014999999998
4500000000.0	0.093592345
5000000000.0	0.04438384000000001
5500000000.0	0.025589869999999987
6000000000.0	0.015686930000000016
6500000000.0	0.012762369999999995
7000000000.0	0.008935720000000008
