f_RF	amplitude
3000000000.0	0.02756937000000001
3500000000.0	0.033754459999999986
4000000000.0	0.05438491000000001
4500000000.0	0.10051506
5000000000.0	0.04647543500000001
5500000000.0	0.025370070000000022
6000000000.0	0.019160345000000023
6500000000.0	0.012160300000000013
7000000000.0	0.010667880000000018
