f_RF	amplitude
3000000000.0	0.02917773
3500000000.0	0.035796419999999995
4000000000.0	0.057050535
4500000000.0	0.10482330000000001
5000000000.0	0.04853893000000001
5500000000.0	0.02792435
6000000000.0	0.017190615000000006
6500000000.0	0.014370149999999998
7000000000.0	0.009939674999999995
