f_RF	amplitude
3000000000.0	0.029842695000000002
3500000000.0	0.039485910000000006
4000000000.0	0.05953838
4500000000.0	0.104173986
5000000000.0	0.047365340000000006
5500000000.0	0.026575920000000003
6000000000.0	0.020279070000000003
6500000000.0	0.012937222999999998
7000000000.0	0.011254482999999996
