f_RF	amplitude
3000000000.0	0.01844805500000002
3500000000.0	0.02232197500000005
4000000000.0	0.036616364999999984
4500000000.0	0.06997627000000001
5000000000.0	0.03759775000000004
5500000000.0	0.01856344999999998
6000000000.0	0.013659325
6500000000.0	0.008816580000000018
7000000000.0	0.007370800000000011
