f_RF	amplitude
3000000000.0	0.02965115
3500000000.0	0.039666689
4000000000.0	0.068417305
4500000000.0	0.10184678999999999
5000000000.0	0.049162423
5500000000.0	0.028120627000000002
6000000000.0	0.0177120643
6500000000.0	0.014114256430000001
7000000000.0	0.01037565065
