f_RF	amplitude
3000000000.0	0.01584494999999997
3500000000.0	0.01960584500000001
4000000000.0	0.03053174999999997
4500000000.0	0.059908249999999996
5000000000.0	0.030948995000000035
5500000000.0	0.018751724999999997
6000000000.0	0.010591720000000027
6500000000.0	0.008518579999999998
7000000000.0	0.00587331999999996
