f_RF	amplitude
3000000000.0	0.013220169999999976
3500000000.0	0.015825749999999972
4000000000.0	0.025042049999999982
4500000000.0	0.04992660999999998
5000000000.0	0.02990889499999999
5500000000.0	0.013943200000000044
6000000000.0	0.010258784999999992
6500000000.0	0.006576379999999993
7000000000.0	0.005488549999999981
