f_RF	amplitude
3000000000.0	0.010628565000000034
3500000000.0	0.013225874999999998
4000000000.0	0.019523205000000043
4500000000.0	0.04032087499999998
5000000000.0	0.022191600000000034
5500000000.0	0.013592965000000012
6000000000.0	0.0076101000000000085
6500000000.0	0.005932549999999981
7000000000.0	0.0041366500000000195
