f_RF	amplitude
3000000000.0	0.008292619999999973
3500000000.0	0.01002835000000002
4000000000.0	0.015108275000000004
4500000000.0	0.03113098000000003
5000000000.0	0.020346399999999987
5500000000.0	0.009383315000000003
6000000000.0	0.0067512100000000075
6500000000.0	0.004355019999999987
7000000000.0	0.003586900000000004
