f_RF	amplitude
3000000000.0	0.032022415000000005
3500000000.0	0.04049326500000001
4000000000.0	0.05946943649999999
4500000000.0	0.10416359
5000000000.0	0.047366925000000004
5500000000.0	0.026579215000000003
6000000000.0	0.0203190875
6500000000.0	0.012924165000000008
7000000000.0	0.011231072500000001
