f_RF	amplitude
3000000000.0	0.006377720000000031
3500000000.0	0.007675514999999966
4000000000.0	0.01093788499999998
4500000000.0	0.023160534999999982
5000000000.0	0.01378581000000001
5500000000.0	0.008296200000000031
6000000000.0	0.004672494999999999
6500000000.0	0.0035917200000000205
7000000000.0	0.002510850000000009
