f_RF	amplitude
3000000000.0	0.004671990000000015
3500000000.0	0.005336474999999952
4000000000.0	0.007640599999999997
4500000000.0	0.01602482999999999
5000000000.0	0.01132869999999997
5500000000.0	0.005240450000000008
6000000000.0	0.0036451999999999596
6500000000.0	0.002377629999999964
7000000000.0	0.0020084750000000096
