f_RF	amplitude
3000000000.0	0.0032346149999999962
3500000000.0	0.003589380000000031
4000000000.0	0.004761599999999977
4500000000.0	0.010450750000000009
5000000000.0	0.006862699999999999
5500000000.0	0.003945580000000004
6000000000.0	0.0022257500000000263
6500000000.0	0.0016908350000000016
7000000000.0	0.0011925999999999881
