f_RF	amplitude
3000000000.0	0.0019922150000000194
3500000000.0	0.0019953549999999765
4000000000.0	0.0027527999999999997
4500000000.0	0.0058160250000000024
5000000000.0	0.004372150000000019
5500000000.0	0.0020166050000000046
6000000000.0	0.0014097049999999833
6500000000.0	0.0009163799999999944
7000000000.0	0.0007957000000000103
