f_RF	amplitude
3000000000.0	0.001088300000000042
3500000000.0	0.0009092500000000281
4000000000.0	0.0012250550000000304
4500000000.0	0.002684954999999989
5000000000.0	0.0019044799999999862
5500000000.0	0.00106375000000003
6000000000.0	0.0006098300000000334
6500000000.0	0.00046672500000000117
7000000000.0	0.0003314999999999846
