f_RF	amplitude
3000000000.0	0.00045844999999999914
3500000000.0	0.00023454500000003042
4000000000.0	0.00034679999999998046
4500000000.0	0.0007013999999999632
5000000000.0	0.0005374999999999686
5500000000.0	0.0002739299999999778
6000000000.0	0.00019830500000000972
6500000000.0	0.0001355000000000106
7000000000.0	0.00011630000000001361
