f_RF	amplitude
3000000000.0	5.632999999999333e-05
3500000000.0	5.2690000000021886e-05
4000000000.0	4.83749999999894e-05
4500000000.0	5.5315000000000225e-05
5000000000.0	5.991999999999109e-05
5500000000.0	6.679999999997799e-05
6000000000.0	4.6749999999984304e-05
6500000000.0	3.4539999999971815e-05
7000000000.0	2.8849999999969178e-05
