f_RF	amplitude
3000000000.0	0.0008184999999999998
3500000000.0	0.00034618000000002924
4000000000.0	0.00034682499999999505
4500000000.0	0.0007014000000000187
5000000000.0	0.0005374799999999791
5500000000.0	0.0002739500000000228
6000000000.0	0.00019827499999997
6500000000.0	0.00013567500000000177
7000000000.0	0.0001162700000000294
